<?xml version="1.0" encoding="UTF-8"?>
<channel><item><desc><![CDATA[logo_de]]></desc><label><![CDATA[Logo Text DE]]></label><type><![CDATA[text]]></type><value><![CDATA[Alan R Amos Dipl.-Ing._(FH._G.B.)]]></value></item><item><desc><![CDATA[logo_en]]></desc><label><![CDATA[Logo Text EN]]></label><type><![CDATA[text]]></type><value><![CDATA[Alan R Amos M.Sc.]]></value></item><item><desc><![CDATA[logo_text]]></desc><label><![CDATA[Logo Text]]></label><type><![CDATA[text]]></type><value><![CDATA[      Logout     Welcome admin!  GetSimple-I18N-InnovationGrid ]]></value></item></channel>
