<?xml version="1.0" encoding="UTF-8"?>
<item><pubDate>Wed, 28 Jul 2021 17:05:28 +0200</pubDate><title><![CDATA[About this package]]></title><url><![CDATA[about]]></url><meta><![CDATA[]]></meta><metad><![CDATA[]]></metad><menu><![CDATA[About]]></menu><menuStatus><![CDATA[Y]]></menuStatus><template><![CDATA[template.php]]></template><parent><![CDATA[]]></parent><content><![CDATA[&lt;p&gt;The files provided in this package are intended to provide a starting point for developers wanting to create a responsive multi-language Web-Site with the&amp;nbsp;GetSimple CMS. The files require the use of several plugins for GetSimple and include a new theme, InnovationGrid. This theme is based on the default GetSimple&amp;nbsp;Innovation theme, using CSS3 techniques.&lt;/p&gt;

&lt;p&gt;This repository contains template, style and component files required for the InnovationGrid theme as well as a number of page files that demonstrate and describe the site. Users have to install the plugins listed in the &#039;Plugins&#039; Section of the &lt;code&gt;ReadMe.md&lt;/code&gt; file before the Web-Site will function fully.&lt;/p&gt;
]]></content><private><![CDATA[]]></private><author><![CDATA[admin]]></author><logo_text><![CDATA[GetSimple-I18N-InnovationGrid ]]></logo_text><creDate>Mon, 26 Jul 2021 11:41:12 +0200</creDate><user><![CDATA[admin]]></user><menuOrder><![CDATA[2]]></menuOrder></item>
