<?xml version="1.0" encoding="UTF-8"?>
<item><pubDate>Wed, 28 Jul 2021 17:06:11 +0200</pubDate><title><![CDATA[Über dieser Paket]]></title><url><![CDATA[about_de]]></url><meta><![CDATA[]]></meta><metad><![CDATA[]]></metad><menuOrder><![CDATA[0]]></menuOrder><menuStatus><![CDATA[]]></menuStatus><template><![CDATA[template.php]]></template><content><![CDATA[&lt;p&gt;Die in diesem Paket enthaltenen Dateien sind als Ausgangspunkt für Entwickler gedacht, die mit dem GetSimple CMS eine responsive mehrsprachige Website erstellen möchten. Die Dateien erfordern die Verwendung mehrerer Plugins für GetSimple und enthalten ein neues Theme, InnovationGrid. Dieses Theme basiert auf dem Standard GetSimple Innovation Theme und verwendet CSS3-Techniken.&lt;/p&gt;

&lt;p&gt;Dieses Paket enthält Template--, CSS- und Component-Dateien, die für das InnovationGrid-Theme erforderlich sind, sowie eine Reihe von Seitendateien, die die Site demonstrieren und beschreiben. Die Benutzer müssen die im Abschnitt &quot;Plugins&quot; der Datei &lt;code&gt;ReadMe.md&lt;/code&gt; aufgeführten Plugins installieren, damit die Website vollständig funktioniert.&lt;/p&gt;
]]></content><author><![CDATA[admin]]></author><logo_text><![CDATA[GetSimple-I18N-InnovationGrid ]]></logo_text><creDate>Mon, 26 Jul 2021 12:37:51 +0200</creDate><user><![CDATA[admin]]></user><parent><![CDATA[]]></parent><private><![CDATA[]]></private><menu><![CDATA[]]></menu></item>
