<?xml version="1.0" encoding="UTF-8"?>
<item><pubDate>Tue, 07 Dec 2021 15:01:41 +0100</pubDate><title><![CDATA[Admin-Seite]]></title><url><![CDATA[admin-page_de]]></url><meta><![CDATA[]]></meta><metad><![CDATA[]]></metad><menuOrder><![CDATA[0]]></menuOrder><menuStatus><![CDATA[]]></menuStatus><template><![CDATA[template.php]]></template><content><![CDATA[&lt;p&gt;Nur fuer Administratoren ...&lt;/p&gt;
]]></content><author><![CDATA[admin]]></author><logo_text><![CDATA[GetSimple-I18N-InnovationGrid ]]></logo_text><creDate>Tue, 07 Dec 2021 15:01:41 +0100</creDate><user><![CDATA[admin]]></user><parent><![CDATA[]]></parent><private><![CDATA[]]></private><menu><![CDATA[]]></menu></item>
