<?xml version="1.0" encoding="UTF-8"?>
<item><pubDate>Tue, 07 Dec 2021 14:59:10 +0100</pubDate><title><![CDATA[Admin Page]]></title><url><![CDATA[admin-page]]></url><meta><![CDATA[]]></meta><metad><![CDATA[]]></metad><menu><![CDATA[Admin Page]]></menu><menuOrder><![CDATA[0]]></menuOrder><menuStatus><![CDATA[Y]]></menuStatus><template><![CDATA[template.php]]></template><parent><![CDATA[user-pages]]></parent><content><![CDATA[&lt;p&gt;Administrators only ...&lt;/p&gt;
]]></content><private><![CDATA[]]></private><author><![CDATA[admin]]></author><logo_text><![CDATA[GetSimple-I18N-InnovationGrid ]]></logo_text><creDate>Tue, 07 Dec 2021 14:58:49 +0100</creDate><user><![CDATA[admin]]></user></item>
