<?xml version="1.0" encoding="UTF-8"?>
<item><pubDate>Wed, 28 Jul 2021 16:42:51 +0200</pubDate><title><![CDATA[Unterseite]]></title><url><![CDATA[demo-sub-page_de]]></url><meta><![CDATA[]]></meta><metad><![CDATA[]]></metad><menuOrder><![CDATA[0]]></menuOrder><menuStatus><![CDATA[]]></menuStatus><template><![CDATA[template.php]]></template><content><![CDATA[&lt;p&gt;Unterseite&lt;/p&gt;
]]></content><author><![CDATA[admin]]></author><logo_text><![CDATA[GetSimple-I18N-InnovationGrid]]></logo_text><creDate>Mon, 26 Jul 2021 12:42:51 +0200</creDate><user><![CDATA[admin]]></user><parent><![CDATA[]]></parent><private><![CDATA[]]></private><menu><![CDATA[]]></menu></item>
