<?xml version="1.0" encoding="UTF-8"?>
<item><pubDate>Sat, 18 Sep 2021 15:09:46 +0200</pubDate><title><![CDATA[Demo Pages]]></title><url><![CDATA[demo-page]]></url><meta><![CDATA[]]></meta><metad><![CDATA[]]></metad><menu><![CDATA[Demo Pages]]></menu><menuStatus><![CDATA[Y]]></menuStatus><template><![CDATA[template.php]]></template><parent><![CDATA[]]></parent><content><![CDATA[&lt;p&gt;Demo Pages&lt;/p&gt;
]]></content><private><![CDATA[]]></private><author><![CDATA[admin]]></author><logo_text><![CDATA[GetSimple-I18N-InnovationGrid ]]></logo_text><creDate>Fri, 30 Jul 2021 13:14:48 +0200</creDate><user><![CDATA[admin]]></user><menuOrder><![CDATA[1]]></menuOrder></item>
