<?xml version="1.0" encoding="UTF-8"?>
<item><pubDate>Thu, 29 Jul 2021 15:15:57 +0200</pubDate><title><![CDATA[Demo Sub-Page]]></title><url><![CDATA[demo-sub-page]]></url><meta><![CDATA[]]></meta><metad><![CDATA[]]></metad><menu><![CDATA[Demo Sub-Page]]></menu><menuOrder><![CDATA[0]]></menuOrder><menuStatus><![CDATA[Y]]></menuStatus><template><![CDATA[template.php]]></template><parent><![CDATA[introduction]]></parent><content><![CDATA[&lt;p&gt;Demo Sub-Page&lt;/p&gt;
]]></content><private><![CDATA[]]></private><author><![CDATA[admin]]></author><logo_text><![CDATA[GetSimple-I18N-InnovationGrid ]]></logo_text><creDate>Mon, 26 Jul 2021 12:38:58 +0200</creDate><user><![CDATA[admin]]></user></item>
