<?xml version="1.0" encoding="UTF-8"?>
<item><pubDate>Fri, 30 Jul 2021 13:15:46 +0200</pubDate><title><![CDATA[Demo Seite]]></title><url><![CDATA[demo-page_de]]></url><meta><![CDATA[]]></meta><metad><![CDATA[]]></metad><menuOrder><![CDATA[0]]></menuOrder><menuStatus><![CDATA[]]></menuStatus><template><![CDATA[template.php]]></template><content><![CDATA[&lt;p&gt;Demo Seite&lt;/p&gt;
]]></content><author><![CDATA[admin]]></author><logo_text><![CDATA[GetSimple-I18N-InnovationGrid ]]></logo_text><creDate>Fri, 30 Jul 2021 13:15:46 +0200</creDate><user><![CDATA[admin]]></user><parent><![CDATA[]]></parent><private><![CDATA[]]></private><menu><![CDATA[]]></menu></item>
