<?xml version="1.0" encoding="UTF-8"?>
<item><pubDate>Wed, 22 Apr 2020 16:16:02 +0200</pubDate><title><![CDATA[Legal Information]]></title><url><![CDATA[impressum_en]]></url><meta><![CDATA[]]></meta><metad><![CDATA[]]></metad><menuOrder><![CDATA[0]]></menuOrder><menuStatus><![CDATA[]]></menuStatus><template><![CDATA[template.php]]></template><content><![CDATA[&lt;p&gt;Alan Amos&lt;br /&gt;
	Borkumer Str. 13&lt;br /&gt;
	14199 Berlin&lt;br /&gt;
	Germany&lt;/p&gt;

&lt;p&gt;Telefon: + 49 30 70 22 01 29&lt;/p&gt;

&lt;p&gt;E-Mail: Alan-A@gmx.de&lt;/p&gt;

&lt;p&gt;Internet: www.alan-amos.de&lt;/p&gt;

&lt;p&gt;Responsible for content according to Section 55 of the German Interstate Broadcasting Agreement (Rundfunkstaatsvertrag, RStV) is the holder: Alan Amos, Borkumer Str. 13, 14199 Berlin, Germany.&lt;/p&gt;

]]></content><author><![CDATA[admin]]></author><parent><![CDATA[]]></parent><private><![CDATA[]]></private><menu><![CDATA[]]></menu></item>
