<?xml version="1.0" encoding="UTF-8"?>
<item><pubDate>Wed, 30 Jun 2021 16:03:40 +0200</pubDate><title><![CDATA[Impressum]]></title><url><![CDATA[impressum]]></url><meta><![CDATA[]]></meta><metad><![CDATA[]]></metad><menu><![CDATA[Impressum]]></menu><menuStatus><![CDATA[Y]]></menuStatus><template><![CDATA[template.php]]></template><parent><![CDATA[]]></parent><content><![CDATA[&lt;p&gt;Alan Amos&lt;br /&gt;
	Borkumer Str. 13&lt;br /&gt;
	14199 Berlin&lt;br /&gt;
	Deutschland&lt;/p&gt;

&lt;p&gt;Telefon: +49 30 70 22 01 29&lt;/p&gt;

&lt;p&gt;E-Mail: Alan-A@gmx.de&lt;/p&gt;

&lt;p&gt;Internet: www.alan-amos.de&lt;/p&gt;

&lt;p&gt;Inhaltlich Verantwortlicher gemäß § 55 Rundfunkstaatsvertrag (RStV): Alan Amos, Borkumer Str. 13, 14199 Berlin, Deutschland&lt;/p&gt;
]]></content><private><![CDATA[]]></private><author><![CDATA[admin]]></author><logo_de><![CDATA[Alan Amos Dipl.-Ing._(FH._G.B.)]]></logo_de><logo_en><![CDATA[Alan Amos M.Sc.]]></logo_en><creDate>Wed, 22 Apr 2020 16:13:34 +0200</creDate><user><![CDATA[admin]]></user><menuOrder><![CDATA[4]]></menuOrder></item>
