<?xml version="1.0" encoding="UTF-8"?>
<item><pubDate>Tue, 07 Dec 2021 14:01:13 +0100</pubDate><title><![CDATA[Die Index (DE) Seite]]></title><url><![CDATA[index_de]]></url><meta><![CDATA[Vorlage, mehrsprachigkeit]]></meta><metad><![CDATA[]]></metad><menu><![CDATA[Index (DE)]]></menu><menuOrder><![CDATA[0]]></menuOrder><menuStatus><![CDATA[Y]]></menuStatus><template><![CDATA[template.php]]></template><content><![CDATA[&lt;p&gt;Diese Seite ist die default Start-Seite, wenn der Site-Besucher die Deutsche Sprache benutzt. Am sonsten, wird die erste Sprache, die in diesem Paket&amp;nbsp;Englisch ist, gezeigt.&lt;/p&gt;

&lt;p&gt;Bitte benutzen Sie dien &quot;Login&quot;-Link, der auf jeder Seite unten Links zu finden ist, die Administrationsseiten zu erreichen.&lt;/p&gt;

&lt;p&gt;Sie finden weitere Informationen über dieses Paket auf der &lt;a href=&quot;https://localhost/_projects/getsimple/GetSimple-I18N-InnovationGrid/GetSimpleCMS/about/&quot;&gt;Über&lt;/a&gt;-Seite.&lt;/p&gt;
]]></content><author><![CDATA[admin]]></author><logo_text><![CDATA[GetSimple I18N InnovationGrid Alan_Amos]]></logo_text><creDate>Fri, 23 Jul 2021 10:15:39 +0200</creDate><user><![CDATA[admin]]></user><parent><![CDATA[]]></parent><private><![CDATA[]]></private></item>
