<?xml version="1.0" encoding="UTF-8"?>
<item><pubDate>Thu, 29 Jul 2021 11:33:35 +0200</pubDate><title><![CDATA[Index Page]]></title><url><![CDATA[index]]></url><meta><![CDATA[content management system, theme ]]></meta><metad><![CDATA[]]></metad><menu><![CDATA[Index]]></menu><menuOrder><![CDATA[0]]></menuOrder><menuStatus><![CDATA[Y]]></menuStatus><template><![CDATA[template.php]]></template><parent><![CDATA[]]></parent><content><![CDATA[&lt;p&gt;This is the default Start / Home page for the site. If the user is using the German language, the German version of this page,&amp;nbsp;&lt;code&gt;&lt;a href=&quot;https://localhost/_projects/getsimple/GetSimple-I18N-InnovationGrid/GetSimpleCMS/?setlang=de&quot;&gt;index_de&lt;/a&gt;,&lt;/code&gt;&amp;nbsp;will be opened.&lt;/p&gt;

&lt;p&gt;You can access the back-end of this site uing the &quot;Login&quot; link at the bottom left of every page.and entering the user &quot;admin&quot; and password &quot;pass&quot;.&lt;/p&gt;

&lt;p&gt;You will find more information about this package on the &lt;a href=&quot;https://localhost/_projects/getsimple/GetSimple-I18N-InnovationGrid/GetSimpleCMS/about/&quot;&gt;About&lt;/a&gt; page.&lt;/p&gt;
]]></content><private><![CDATA[]]></private><author><![CDATA[admin]]></author><logo_text><![CDATA[GetSimple I18N InnovationGrid Alan_Amos]]></logo_text><creDate>Wed, 22 Apr 2020 16:52:11 +0200</creDate><user><![CDATA[admin]]></user></item>
