<?xml version="1.0" encoding="UTF-8"?>
<item><pubDate>Fri, 09 Jul 2021 15:03:25 +0200</pubDate><title><![CDATA[Professional Web Development and Translation ]]></title><url><![CDATA[index_en]]></url><meta><![CDATA[getsimple, easy, content management system]]></meta><metad><![CDATA[]]></metad><menu><![CDATA[Web Development &#38; Translation]]></menu><menuOrder><![CDATA[0]]></menuOrder><menuStatus><![CDATA[Y]]></menuStatus><template><![CDATA[template.php]]></template><content><![CDATA[&lt;p&gt;&lt;img alt=&quot;&quot; class=&quot;float-left&quot; src=&quot;http://localhost/_projects/getsimple/_getsimple_innovation_grid/data/uploads/images/alanamos-photo.jpg&quot; style=&quot;width: 150px; height: 198px;&quot; /&gt;I am a freelance web-site developer, translator and technical author, and a native English speaker living in Berlin.&lt;/p&gt;

&lt;p&gt;Follow the links in the menu to the right to find out more about the services I provide.&lt;/p&gt;
]]></content><author><![CDATA[admin]]></author><logo_de><![CDATA[Alan Amos Dipl.-Ing._(FH._G.B.)]]></logo_de><logo_en><![CDATA[Alan Amos M.Sc.]]></logo_en><creDate>Wed, 22 Apr 2020 16:54:20 +0200</creDate><user><![CDATA[admin]]></user><parent><![CDATA[]]></parent><private><![CDATA[]]></private></item>
