<?xml version="1.0" encoding="UTF-8"?>
<item><pubDate>Thu, 29 Jul 2021 16:02:17 +0200</pubDate><title><![CDATA[Einleitung]]></title><url><![CDATA[introduction_de]]></url><meta><![CDATA[]]></meta><metad><![CDATA[]]></metad><menuOrder><![CDATA[0]]></menuOrder><menuStatus><![CDATA[]]></menuStatus><template><![CDATA[template.php]]></template><content><![CDATA[&lt;p&gt;Die in diesem Repository zur Verfügung gestellten Dateien sollen einen Ausgangspunkt für die Entwicklung einer responsiven mehrsprachigen Website mit dem &lt;a href=&quot;http://get-simple.info/&quot; target=&quot;_blank&quot;&gt;GetSimple CMS&lt;/a&gt; bieten. Die Dateien erfordern die Verwendung mehrerer Plugins für GetSimple und enthalten ein neues Thema, InnovationGrid. Dieses Theme basiert auf dem Standard GetSimple &lt;a href=&quot;http://get-simple.info/extend/theme/innovation-theme/104/&quot;&gt;Innovation Theme&lt;/a&gt; und verwendet CSS3-Techniken.&lt;/p&gt;

&lt;p&gt;Dieses Repository enthält Template-, CSS- und Component-Dateien, die für das InnovationGrid-Theme erforderlich sind, sowie eine Reihe von Seitendateien, die die Site beschreiben sowie funktionen anbeiten..&lt;/p&gt;

&lt;p&gt;Benutzer müssen auch das &lt;a href=&quot;http://get-simple.info/download/&quot;&gt;CMS&lt;/a&gt; selbst sowie die Plugins, die in dem &lt;a href=&quot;https://github.com/Alan-A/GetSimple-I18N-InnovationGrid/blob/master/README.md&quot; target=&quot;_blank&quot;&gt;Readme-Datei&lt;/a&gt; gelstet sind, installieren, bevor die Web-Site vollständig funktioniert.&lt;/p&gt;
]]></content><author><![CDATA[admin]]></author><logo_text><![CDATA[GetSimple-I18N-InnovationGrid ]]></logo_text><creDate>Thu, 29 Jul 2021 15:15:24 +0200</creDate><user><![CDATA[admin]]></user><parent><![CDATA[]]></parent><private><![CDATA[]]></private><menu><![CDATA[]]></menu></item>
