<?xml version="1.0" encoding="UTF-8"?>
<item><pubDate>Tue, 05 May 2020 12:42:17 +0200</pubDate><title><![CDATA[Kontakt Special Page]]></title><url><![CDATA[kontakt]]></url><meta><![CDATA[]]></meta><metad><![CDATA[]]></metad><menu><![CDATA[Kontakt]]></menu><menuStatus><![CDATA[]]></menuStatus><template><![CDATA[template.php]]></template><parent><![CDATA[]]></parent><content><![CDATA[&lt;p&gt;Contact Special Page content&lt;/p&gt;

&lt;p&gt;https://support.microsoft.com/de-de/help/4034314/smbv1-is-not-installed-by-default-in-windows&lt;/p&gt;

&lt;p&gt;https://support.microsoft.com/de-de/help/2696547/how-to-detect-enable-and-disable-smbv1-smbv2-and-smbv3-in-windows-and&lt;/p&gt;
]]></content><private><![CDATA[]]></private><author><![CDATA[admin]]></author><creDate>Wed, 22 Apr 2020 17:01:41 +0200</creDate><user><![CDATA[admin]]></user><menuOrder><![CDATA[1]]></menuOrder></item>
