<?xml version="1.0" encoding="UTF-8"?>
<item><pubDate>Tue, 27 Jul 2021 14:14:56 +0200</pubDate><title><![CDATA[Search Results]]></title><url><![CDATA[searchresults]]></url><meta><![CDATA[]]></meta><metad><![CDATA[]]></metad><menu><![CDATA[Search Results]]></menu><menuStatus><![CDATA[]]></menuStatus><template><![CDATA[template.php]]></template><parent><![CDATA[]]></parent><content><![CDATA[&lt;p&gt;This is the search results page for search queries placed in the Search field in the page header and queries coming from the Tag Cloud element,&lt;/p&gt;

&lt;p&gt;This page uses code directly embedded in the page (within the curly brackets) to show the original search qery and the results. Embedding code in this way requires the &lt;a href=&quot;http://get-simple.info/extend/plugin/dynpages/81/&quot;&gt;DynPages&lt;/a&gt; plugin.&lt;/p&gt;

&lt;p&gt;Your query was:&lt;/p&gt;

&lt;p&gt;{% searchqueryrenderer %}&lt;/p&gt;

&lt;p&gt;your results are:&lt;/p&gt;

&lt;p&gt;(% searchresults numWords:15 showLanguage:0 HEADER:&#039;&#039; component:searchresultrenderer lang:en %)&lt;/p&gt;
]]></content><private><![CDATA[]]></private><author><![CDATA[admin]]></author><logo_de><![CDATA[GetSimple-I18N-InnovationGrid]]></logo_de><logo_en><![CDATA[GetSimple-I18N-InnovationGrid]]></logo_en><creDate>Fri, 23 Jul 2021 10:34:47 +0200</creDate><user><![CDATA[admin]]></user><menuOrder><![CDATA[2]]></menuOrder></item>
