<?xml version="1.0" encoding="UTF-8"?>
<item><pubDate>Wed, 30 Jun 2021 16:02:46 +0200</pubDate><title><![CDATA[Suchergebnisse]]></title><url><![CDATA[suchergebnisse]]></url><meta><![CDATA[]]></meta><metad><![CDATA[]]></metad><menu><![CDATA[Suchergebnisse]]></menu><menuOrder><![CDATA[0]]></menuOrder><menuStatus><![CDATA[]]></menuStatus><template><![CDATA[template.php]]></template><parent><![CDATA[]]></parent><content><![CDATA[&lt;p&gt;{% searchqueryrenderer %}&lt;/p&gt;

&lt;p&gt;Hier sind Ihre Ergebnisse:&lt;/p&gt;

&lt;p&gt;(% searchresults numWords=15 showLanguage=0 HEADER=&#039;&#039; component=searchresultrenderer lang=de %)&lt;/p&gt;
]]></content><private><![CDATA[]]></private><author><![CDATA[admin]]></author><logo_de><![CDATA[Alan Amos Dipl.-Ing._(FH._G.B.)]]></logo_de><logo_en><![CDATA[Alan Amos M.Sc.]]></logo_en><creDate>Wed, 22 Apr 2020 17:02:49 +0200</creDate><user><![CDATA[admin]]></user></item>
