<?xml version="1.0" encoding="UTF-8"?>
<item><pubDate>Sun, 10 May 2020 12:16:40 +0200</pubDate><title><![CDATA[Technical Author]]></title><url><![CDATA[technischen-autor_en]]></url><meta><![CDATA[author, service]]></meta><metad><![CDATA[]]></metad><menuOrder><![CDATA[0]]></menuOrder><menuStatus><![CDATA[]]></menuStatus><template><![CDATA[template.php]]></template><content><![CDATA[&lt;h2&gt;Documentation in English&lt;/h2&gt;

&lt;p&gt;I write technical documentation directly in English, saving translation costs for companies which are mainly active internationally.&lt;/p&gt;

&lt;p&gt;Specialist Areas: software, engineering.&lt;/p&gt;

&lt;h2&gt;Software&lt;/h2&gt;

&lt;p&gt;Wikipedia, Confluence, various content management systems.&lt;/p&gt;

&lt;h2&gt;Prices, Availability&lt;/h2&gt;

&lt;p&gt;Please send an e-mail to &lt;a href=&quot;mailto:Alan-A@gmx.de?subject=Documentation%20Enquiry&quot;&gt;Alan-A@gmx.de&lt;/a&gt;.&lt;/p&gt;
]]></content><author><![CDATA[admin]]></author><creDate>Wed, 22 Apr 2020 16:43:18 +0200</creDate><user><![CDATA[admin]]></user><parent><![CDATA[]]></parent><private><![CDATA[]]></private><menu><![CDATA[]]></menu></item>
