<?xml version="1.0" encoding="UTF-8"?>
<item><pubDate>Sun, 17 May 2020 14:37:31 +0200</pubDate><title><![CDATA[Technischen Autor]]></title><url><![CDATA[technischen-autor]]></url><meta><![CDATA[autor, service]]></meta><metad><![CDATA[]]></metad><menu><![CDATA[Technischen Autor]]></menu><menuStatus><![CDATA[Y]]></menuStatus><template><![CDATA[template.php]]></template><parent><![CDATA[index]]></parent><content><![CDATA[&lt;h2&gt;Documentation auf English&lt;/h2&gt;

&lt;p&gt;Ich schreibe technische Dokumentation direkt auf Englisch. Dies spart die Übersetzungskosten für Kunden, die hauptsächlich international tätig sind.&lt;/p&gt;

&lt;p&gt;Spezialisierungen: Software, Ingenieurwesen.&lt;/p&gt;

&lt;h2&gt;Software&lt;/h2&gt;

&lt;p&gt;Wikipedia, Confluence&lt;/p&gt;

&lt;h2&gt;Preisen, Termine&lt;/h2&gt;

&lt;p&gt;Schicken Sie eine Email an: &lt;a href=&quot;mailto:Alan-A@gmx.de?subject=Anfrage%3A%20Dokumentation&quot;&gt;Alan-A@gmx.de&lt;/a&gt;.&lt;/p&gt;
]]></content><private><![CDATA[]]></private><author><![CDATA[admin]]></author><creDate>Wed, 22 Apr 2020 16:41:13 +0200</creDate><user><![CDATA[admin]]></user><menuOrder><![CDATA[1]]></menuOrder></item>
