<?xml version="1.0" encoding="UTF-8"?>
<item><pubDate>Mon, 27 Apr 2020 10:02:38 +0200</pubDate><title><![CDATA[Übersetzung]]></title><url><![CDATA[uebersetzung]]></url><meta><![CDATA[Übersetzung]]></meta><metad><![CDATA[]]></metad><menu><![CDATA[Übersetzung]]></menu><menuOrder><![CDATA[0]]></menuOrder><menuStatus><![CDATA[Y]]></menuStatus><template><![CDATA[template.php]]></template><parent><![CDATA[index]]></parent><content><![CDATA[&lt;h2&gt;Fachrichtungen&lt;/h2&gt;

&lt;p&gt;Technische (Ingenieurwesen, IT), Marketing und allgemeine Texte.&lt;/p&gt;

&lt;h2&gt;Dienstleistungen&lt;/h2&gt;

&lt;p&gt;Übersetzung, Übersetzung mit Korrekturlesen.&lt;/p&gt;

&lt;h2&gt;Preise, Termine&lt;/h2&gt;

&lt;p&gt;Schicken Sie eine Email an: &lt;a href=&quot;mailto:Alan-A@gmx.de?subject=Uebersetzungsanfrage&quot;&gt;Alan-A@gmx.de&lt;/a&gt;.&lt;/p&gt;
]]></content><private><![CDATA[]]></private><author><![CDATA[admin]]></author><creDate>Wed, 22 Apr 2020 16:31:25 +0200</creDate><user><![CDATA[admin]]></user></item>
