<?xml version="1.0" encoding="UTF-8"?>
<item><pubDate>Mon, 27 Apr 2020 10:03:15 +0200</pubDate><title><![CDATA[Translation]]></title><url><![CDATA[uebersetzung_en]]></url><meta><![CDATA[translation]]></meta><metad><![CDATA[]]></metad><menuOrder><![CDATA[0]]></menuOrder><menuStatus><![CDATA[]]></menuStatus><template><![CDATA[template.php]]></template><content><![CDATA[&lt;h2&gt;Subject Areas&lt;/h2&gt;

&lt;p&gt;Technical (engineering, IT), marketing, cycling, and general texts.&lt;/p&gt;

&lt;h2&gt;Services&lt;/h2&gt;

&lt;p&gt;Translation, proofreading.&lt;/p&gt;

&lt;h2&gt;Prices, Availability&lt;/h2&gt;

&lt;p&gt;Please send an e-mail to: &lt;a href=&quot;mailto:Alan-A@gmx.de?subject=Translation enquiry&quot;&gt;Alan-A@gmx.de&lt;/a&gt;.&lt;/p&gt;
]]></content><author><![CDATA[admin]]></author><creDate>Wed, 22 Apr 2020 16:33:11 +0200</creDate><user><![CDATA[admin]]></user><parent><![CDATA[]]></parent><private><![CDATA[]]></private><menu><![CDATA[]]></menu></item>
