<?xml version="1.0" encoding="UTF-8"?>
<item><pubDate>Wed, 30 Jun 2021 16:03:17 +0200</pubDate><title><![CDATA[Ueber]]></title><url><![CDATA[ueber]]></url><meta><![CDATA[]]></meta><metad><![CDATA[]]></metad><menu><![CDATA[Ueber]]></menu><menuStatus><![CDATA[Y]]></menuStatus><template><![CDATA[template.php]]></template><parent><![CDATA[]]></parent><content><![CDATA[&lt;h2&gt;Ueber diese Installation&lt;/h2&gt;

&lt;ul&gt;
	&lt;li&gt;Sehe &lt;a href=&quot;ueber_en&quot;&gt;EN-Version&lt;/a&gt;&lt;/li&gt;
&lt;/ul&gt;
]]></content><private><![CDATA[]]></private><author><![CDATA[admin]]></author><logo_de><![CDATA[Alan Amos Dipl.-Ing._(FH._G.B.)]]></logo_de><logo_en><![CDATA[Alan Amos M.Sc.]]></logo_en><creDate>Thu, 23 Apr 2020 11:07:30 +0200</creDate><user><![CDATA[admin]]></user><menuOrder><![CDATA[3]]></menuOrder></item>
