<?xml version="1.0" encoding="UTF-8"?>
<item><pubDate>Tue, 07 Dec 2021 16:07:29 +0100</pubDate><title><![CDATA[Unauthorized Page]]></title><url><![CDATA[unauthorized-page]]></url><meta><![CDATA[]]></meta><metad><![CDATA[]]></metad><menu><![CDATA[Unauthorized Page]]></menu><menuStatus><![CDATA[Y]]></menuStatus><template><![CDATA[template.php]]></template><parent><![CDATA[user-pages]]></parent><content><![CDATA[&lt;p&gt;Unauthorized Page - shown to all - unregistered users and registered users that are only authorized to see these pages.&lt;/p&gt;
]]></content><private><![CDATA[]]></private><author><![CDATA[admin]]></author><logo_text><![CDATA[GetSimple-I18N-InnovationGrid ]]></logo_text><creDate>Tue, 07 Dec 2021 16:06:01 +0100</creDate><user><![CDATA[admin]]></user><menuOrder><![CDATA[2]]></menuOrder></item>
