<?xml version="1.0" encoding="UTF-8"?>
<item><pubDate>Tue, 07 Dec 2021 15:16:26 +0100</pubDate><title><![CDATA[Besucherseiten]]></title><url><![CDATA[user-pages_de]]></url><meta><![CDATA[Benutzerverwaltung]]></meta><metad><![CDATA[]]></metad><menuOrder><![CDATA[0]]></menuOrder><menuStatus><![CDATA[]]></menuStatus><template><![CDATA[template.php]]></template><content><![CDATA[&lt;p&gt;Besucherseiten ...&lt;/p&gt;
]]></content><author><![CDATA[admin]]></author><logo_text><![CDATA[GetSimple-I18N-InnovationGrid ]]></logo_text><creDate>Tue, 07 Dec 2021 14:53:41 +0100</creDate><user><![CDATA[admin]]></user><parent><![CDATA[]]></parent><private><![CDATA[]]></private><menu><![CDATA[]]></menu></item>
