<?xml version="1.0" encoding="UTF-8"?>
<item><pubDate>Tue, 07 Dec 2021 15:04:25 +0100</pubDate><title><![CDATA[User Pages]]></title><url><![CDATA[user-pages]]></url><meta><![CDATA[User-administration]]></meta><metad><![CDATA[]]></metad><menu><![CDATA[User Pages]]></menu><menuStatus><![CDATA[Y]]></menuStatus><template><![CDATA[template.php]]></template><parent><![CDATA[]]></parent><content><![CDATA[&lt;p&gt;In order to be able to access the user content, you first need to use the link above to register and then to confirm your e-mail address. You will then be able to log in with your user name and password and access the default user pages. You may be also be authorised to access other user content. You will remain logged in until you either log out or you close the browser tab.&lt;/p&gt;
]]></content><private><![CDATA[]]></private><author><![CDATA[admin]]></author><logo_text><![CDATA[GetSimple-I18N-InnovationGrid ]]></logo_text><creDate>Tue, 07 Dec 2021 14:52:29 +0100</creDate><user><![CDATA[admin]]></user><menuOrder><![CDATA[2]]></menuOrder></item>
