<?xml version="1.0" encoding="UTF-8"?>
<item><pubDate>Wed, 22 Apr 2020 16:48:09 +0200</pubDate><title><![CDATA[Web Site Development]]></title><url><![CDATA[web-site-entwicklung_en]]></url><meta><![CDATA[]]></meta><metad><![CDATA[]]></metad><menuOrder><![CDATA[0]]></menuOrder><menuStatus><![CDATA[]]></menuStatus><template><![CDATA[template.php]]></template><content><![CDATA[&lt;h2&gt;Full Service&lt;/h2&gt;

&lt;p&gt;Working together with other freelancers - a designer, a texter, etc., - I can offer a full professional service from initial concept through to improving your ranking and monitoring.&lt;/p&gt;

&lt;h2&gt;Contact&lt;/h2&gt;

&lt;p&gt;For more information and/or to arrange a meeting to discuss your ideas please send an e-mail to &lt;a href=&quot;mailto:Alan-A@gmx.de?subject=Translation enquiry&quot;&gt;Alan-A@gmx.de&lt;/a&gt;.&lt;/p&gt;]]></content><author><![CDATA[admin]]></author><parent><![CDATA[]]></parent><private><![CDATA[]]></private><menu><![CDATA[]]></menu></item>
