<?xml version="1.0" encoding="UTF-8"?>
<item><pubDate>Wed, 22 Apr 2020 16:46:06 +0200</pubDate><title><![CDATA[Web-Site Entwicklung]]></title><url><![CDATA[web-site-entwicklung]]></url><meta><![CDATA[]]></meta><metad><![CDATA[]]></metad><template><![CDATA[template.php]]></template><content><![CDATA[&lt;h2&gt;Full Service&lt;/h2&gt;

&lt;p&gt;Zusamen mit anderen Freischaffenden - eine(n) Designer(in), eine(n) Texter(in), usw. - kann ich eine umfassende professionelle Service anbieten: Vom ersten Konzept bis zur fertigen Web-Site, sowie verbesserung Ihres Rankings und das Monitoring von Ihrer Web-Site.&lt;/p&gt;

&lt;h2&gt;Kontakt&lt;/h2&gt;

&lt;p&gt;Für weitere Informationen senden Sie bitte eine E-Mail an: &lt;a href=&quot;mailto:Alan-A@gmx.de?subject=Translation enquiry&quot;&gt;Alan-A@gmx.de&lt;/a&gt;.&lt;/p&gt;
]]></content><author><![CDATA[admin]]></author><parent><![CDATA[index]]></parent><menuOrder><![CDATA[2]]></menuOrder><menu><![CDATA[]]></menu><menuStatus><![CDATA[Y]]></menuStatus><private><![CDATA[]]></private></item>
